DATABASE KADER PERIODE 1445-1446H/2023-2024 M;;;;;;;
NO;NAMA;JURUSAN/KAMPUS;NO. HANDPHONE;NAMA AYAH/IBU;ALAMAT;HOBI/ALASAN MASUK HMI;KETERANGAN
1;RAHMATIKA. R;FISIOTERAPI/POLTEKKES;085241302727;ABD. RAHMAN/DARMAWATY;JL. PACCERAKANG;MENYANYI/KESADARAN;BASTRA TGL 24 SEP-01 OKT 2023 DI SEKRETARIAT HMI CABANG MAKASSAR
2;MUH. ASWAR;PENJASKESREK;085337331510;RUSLI/NAFISA;BULUKUMBA;SEPAK BOLA/DIAJAK KADER;
3;M RIKAZ APRILLAH;SASTRA ARAB/UNHAS;089531117910;NASRUN/HABSAH;AROEPALA KOMP. PHL;SEPAK BOLA/MENAMBAH ILMU RELASI;
4;MUHAMMAD PUTRA;BISNIS DIGITAL/LP3I;083136040190;MUHAMMAD AMIN/NURBIAH;TAKALAR;MEMBACA/BELAJAR;
5;AAN RIZKI FAHMI;BK/UNM;085373740724;SUDARIAIN/JOHARNI;ALAUDDIN 2;FUTSAL/BELAJAR;
6;SUHAIL JUARIS;INFORMATIKA/UNISMUH;083114849092;JUARIS/SUHARTI;ALAUDDIN 2;SEPAK BOLA/INGIN MENCARI TAHU APA ITU HMI;
7;AKBAR SAKIR;MANAJEMEN/UNISMUH;082193201014;SAKIR/SAIMAWATI;CITRA GARDEN;INGIN BERPROSES DI HMI;
8;NUR MUH RIDWANSYAH AL-HABSY;ADMINISTRASI BISNIS/LP3I;083173034507;HAMZA/ST AMINA;JL. MANGGARUPI;MEMBACA/INGIN BERPROSES;
9;KURNI SUCIA RAMADANI;SASTRA INDONESIA/UNHAS;085930105837;H. HERMAN/HJ. NURAENI;BULUKUMBA;NONTON TIKTOK/INGIN MEMPERLUAS ILMU;
10;HELMALIA PUTRI YUSRAN;ILMU HUKUM/UNHAS;085340992553;YUSRAN/IRMA;ALAUDDIN 2;KEINGINAN;
11;MUH. QOYYUM AL- SAHHAFIM;TEKNIK INFORMATIKA/UINAM;082290211497;ISMAH;TODDOPULI 3 STPK 4;MEMBACA/CARI PENGALAMAN;BASTRA TGL 13 - 15 OKT 2023 DI SEKRETARIAT HMI BADKO SULSELBAR
12;MUHAJIR;KIMIA/UINAM;085343971505;AMIRUDDIN;GOWA;HAUS AKAN PENGETAHUAN;
13;MUH. ASHABUL AYMAN;SAA/UINAM;081248621054;JUNAID;SELAYAR;MENCARI PENGALAMAN;
14;MUH. FATIHUL RIZLY;AFI/UINAM;085343735012;AKHMAD;KOLAKA UTARA;MEMBACA/KARENA MAU;
15;AHMAD ALGITARI;SAA/UINAM;082144177402;IDHAM;BIMA, NTB;BOLA;
16;MUH TAUFIK HIDAYAT;SAA/UINAM;085616483845;YUNUS;BULUKUMBA;BADMINTON;
17;MUH ERLAN;SAA/UINAM;085293365004;ATTONG;ENREKANG;FUTSAL;
18;FATHURRAHMAN;SAA/UINAM;082192001044;HAINA;GORONTALO;STREET PHOTOGRAPHER;
19;MUH JIBRIL ILAHI;KIMIA/UINAM;082194689654;SURATMI;GOWA;RENANG;
20;RACHEL NAULI PADAULENG;ILMU HUKUM/UINAM;081241766799;ADNAN MUHLIS;MAROS;DENGAR MUSIK;
21;NUR ISLAMI;AFI/UINAM;087862399536;SURIYATI;ENREKANG;MASAK/PENASARAN;
22;NUR AZISAH AZIS;IQT/UINAM;082191893462;AZIS;MAROS;MASAK/PENASARAN;
23;FIRMAN ADI GHUNA;UIM;081286153637;;BTN ASAL MULA, TAMALANREA;MENGGAMBAR;BASTRA TGL 20 - 22 OKT 2023 DI SEKRETARIAT HMI CABANG MAKASSAR
24;HARDIANSYAH. S;UIM;-;;BORONG RAYA;FUTSAL;
25;MAS'UD ABIL QOSIM;UIM;082215403675;;PERINTIS KEMERDEKAAN 7;FUTSAL;
26;AHMAD SYAHID;UIM;085298073561;;PERINTIS KEMERDEKAAN 7;FUTSAL;
27;MUH. YUSRIL;UIM;081931536922;;PERINTIS KEMERDEKAAN 7;FUTSAL;
28;SULFITRAN;POLTEK ATIM;082272759458;;BORONG;FUTSAL;
29;TAUFIK;UIM;082251574536;;JL. BUNG NO.10;MAIN BOLA;
30;MUH. AFDHAL KURNIAWAN;UIM;087846421030;;PERUM. GRIYA HARAPAN;FUTSAL;
31;KHATMI RAMANG;UIM;-;;ANTANG;FUTSAL;
32;MUH. ALFIAN A;UIM;081256963324;;ANTANG;MAIN GAME;
33;MUHAMMAD IKRAM;UIM;082136412687;;JL. HJ. KALLA;FUTSAL ;
34;NURUL AISYAH;UIM;-;;JL. ASRAMA HAJI;MENULIS;
35;ALYA RAHMA WATI;UIM;-;;PERINTIS KEMERDEKAAN 4;MEMBACA;
36;MUSTIKA ANGGRAENI ANWAR;UIM;-;;HARTACO JAYA;MEMBACA;
37;AJENG NURUL ALFIAH;UIM;-;;JL. IR. SOETAMI;MEMBACA;
38;M. WILDANI MUHLAS;UIM;-;;PERINTIS KEMERDEKAAN 7;FUTSAL;
39;MUH. ALFIANSYAH;UIM;089561204727;;PERUMNAS BUMI MAROS INDAH;FUTSAL;
40;A. ALFATHANA;UIM;-;;JL. PELITA;MEMBACA;
41;MUHAMMAD REZA;ADMINISTRASI PERKANTORAN/LP3I;089639472855;YUS;DAYA;BACA BUKU/BINGUNG;BASTRA TGL 03 - 05 NOV 2023 DI SEKRETARIAT HMI CABANG MAKASSAR
42;RACHMAT AGUS;BISNIS DIGITAL/LP3I;081255246695;AGUS;PALANGGA;BULU TANGKIS/KARENA TERTARIK;
43;HAIDIR;MANAJEMEN/STIE WIRA BAKTI;088246252475;ZAM-ZAM;MAKASSAR;FUTSAL/INGIN MENAMBAH ILMU AGAMA;
44;SUCI INDAH SARI;AKUNTANSI/LP3I;085298976350;SUPID DG. BANI;JL. URIP SUMOHARJO;MENARI/INGIN MENAMBAH ILMU AGAMA;
45;NISMAWATI BUR;AKUNTANSI/LP3I;081241489334;BURHANUDDIN;SYEKH YUSUF;MAKAN/MENAMBAH ILMU;
46;MILA KARMILA;ADMINISTRASI BISNIS/LP3I;087714344731;;;;
47;M. TAKDIR;UNISMUH;085823678534;;GOWA;SEPAK BOLA;BASTRA TGL 09 - 11 MARET 2024 DI SEKRETARIAT HMI CABANG MAKASSAR
48;MUH. AMIN AMIR;ITB NOBEL;089685776257;;JL. LANTO DG. PASEWANG; -;
49;AAN ANUGRAH;UINAM;082399586824;;MANGGARUPI;BETERNAK;
50;JAHRIADI;UMI;081230551396;;PAMPANG II;FUTSAL;
51;IRHAM RAMADHAN;UINAM;085345259450;;GOWA;BADMINTON;
52;MUHSIN ALFIAN;UMI;085696593840;;MACCINI RAYA;SEPAK BOLA;
53;NAJWAN HANIF;UINAM;081238436813;;TODDOPULI;SEPAK BOLA;
54;NASRUDDIN;ITB NOBEL;082241031908;;JL. SUKARIA/RECING;FUTSAL;
55;MUH. ARNOLD;WIRA BHAKTI;089767283089;;TEUKU UMUR 8 NO. 6;OLAHRAGA;
56;MUHAMMAD ARSYAD;UNM;082193207621;;JL. RECING SIURI JALA;OLAHRAGA;
57;;;;;;;
58;;;;;;;
59;;;;;;;
60;;;;;;;
61;;;;;;;
62;;;;;;;
63;;;;;;;
64;;;;;;;
65;;;;;;;
66;;;;;;;
67;;;;;;;
